scenario,task,feature_type,channel_selection,classifier,accuracy_mean,accuracy_std,f1_mean,f1_std,roc_auc_mean,roc_auc_std,n
cross_subject,left_right_fist,band_power,all,lda,0.5885217980503277,0.04434299072685905,0.5504816943441673,0.09375358015589208,0.6208115504663011,0.05322959606928155,10
cross_subject,left_right_fist,band_power,all,svm_linear,0.5900502450180906,0.04122897983775083,0.4951180833314341,0.087049342484744,0.6369034183730162,0.05299483243770621,10
cross_subject,left_right_fist,band_power,all,random_forest,0.5895631286982075,0.0336412545283216,0.5698287369572447,0.06472938294000564,0.6381649056753962,0.04739588783769947,10
cross_subject,left_right_fist,band_power,motor,lda,0.6031850083145989,0.03782340826424042,0.55523024746789,0.07334843483591677,0.6393254162099355,0.04742075682767585,10
cross_subject,left_right_fist,band_power,motor,svm_linear,0.5867794312812906,0.04200021950294604,0.4709246893904252,0.0775705742712439,0.6387907514612673,0.05051447766952028,10
cross_subject,left_right_fist,band_power,motor,random_forest,0.6085857876441598,0.04513566446019941,0.5810471554902671,0.07384296543112708,0.6464904481035492,0.06430625608637082,10
cross_subject,left_right_fist,time_frequency,all,lda,0.6344834618188594,0.036425502343648955,0.6203919984470787,0.042418014489168,0.6675640942034734,0.03575123939645711,10
cross_subject,left_right_fist,time_frequency,all,svm_linear,0.6416545676628721,0.035565230767453486,0.6116490382826691,0.05192200371956819,0.6891399854906588,0.03866804341229724,10
cross_subject,left_right_fist,time_frequency,all,random_forest,0.6365326810666977,0.03236584139751024,0.630355200679163,0.05525598586364877,0.6980689695383495,0.0345052609307609,10
cross_subject,left_right_fist,time_frequency,motor,lda,0.6025515371178845,0.03274148457641548,0.5609389012144301,0.06685235563511077,0.6406575822167071,0.038867842416703755,10
cross_subject,left_right_fist,time_frequency,motor,svm_linear,0.6070288230179587,0.03903274033040959,0.507890856781319,0.0854239966190198,0.6628151057084068,0.04851776327487979,10
cross_subject,left_right_fist,time_frequency,motor,random_forest,0.5887322837912046,0.031043020966628816,0.563609212780696,0.06507614503910453,0.6408393265348169,0.04916086946727837,10
cross_subject,rest_vs_task,band_power,all,lda,0.6253942045926066,0.05118315331531938,0.6666688967553194,0.0526836441847827,0.6820425969748772,0.057671528425928986,10
cross_subject,rest_vs_task,band_power,all,svm_linear,0.6061509665085648,0.06163064170747201,0.6661732368495774,0.05306422121956033,0.6838872845008346,0.05726724917253976,10
cross_subject,rest_vs_task,band_power,all,random_forest,0.6334373000133983,0.038084206231099,0.6445012425825765,0.04648542281421051,0.6877981316586338,0.05556173297380122,10
cross_subject,rest_vs_task,band_power,motor,lda,0.581708583376519,0.030762330369046683,0.6510766093376747,0.04333407845283557,0.6366850390399204,0.045201332170470364,10
cross_subject,rest_vs_task,band_power,motor,svm_linear,0.5681671127229271,0.037714763821085774,0.6668125833202769,0.017074650129952074,0.6376495409305039,0.044230365549170085,10
cross_subject,rest_vs_task,band_power,motor,random_forest,0.5969183370073818,0.02971017561330448,0.6045000214695586,0.05875732347519468,0.6390325348355702,0.031360180876509464,10
cross_subject,rest_vs_task,time_frequency,all,lda,0.6359018443467754,0.036434764788194705,0.6780580939043042,0.0178597112564549,0.6969008066814321,0.037172537467929825,10
cross_subject,rest_vs_task,time_frequency,all,svm_linear,0.6196158508612313,0.041839390919370195,0.6767504555704162,0.01588734540908152,0.700841837901225,0.032708320112234575,10
cross_subject,rest_vs_task,time_frequency,all,random_forest,0.647007883148758,0.040374705279520674,0.6633718664050998,0.031112539506679606,0.7078922107081803,0.04504407179884912,10
cross_subject,rest_vs_task,time_frequency,motor,lda,0.6060072459909374,0.04180604586085122,0.6705530133070654,0.021508496706418495,0.6640646939940374,0.03909461792448998,10
cross_subject,rest_vs_task,time_frequency,motor,svm_linear,0.5889798833233023,0.045122444826056575,0.6783019892166564,0.01571682131378372,0.6711586067339708,0.039495339013644055,10
cross_subject,rest_vs_task,time_frequency,motor,random_forest,0.6385617900182771,0.02491613903136554,0.6487115985061218,0.03613173070594051,0.6860051385841224,0.03205421313065034,10
